sample,outcome,events,up_events,down_events,gap,cluster_se,pre_p,upward,downward,permutation_p,permutation_mc_se,n,clusters,bh_q
expanded34,ln_licenses,34,8,26,0.4949823607577816,0.1395573357139693,0.3197216307692468,0.279200817489463,-0.2157815432683185,0.0318696813031869,0.0005554610353558,26555,149,0.15934840651593452
expanded34,filing_margin,34,8,26,0.3919410464830755,0.155484275323453,0.7526012042863444,0.143085760053176,-0.2488552864298995,0.0973490265097349,0.0009373970067916,26679,149,0.24337256627433723
expanded34,ln_new_patent_apps,34,8,26,0.2602551941619438,0.1754039602857014,0.8912417847372844,0.1357654880297379,-0.1244897061322058,0.2048579514204858,0.0012762818742929,26679,149,0.341429919034143
expanded34,ln_patents_issued,34,8,26,0.1367079239205321,0.1903807656362857,0.4699249747073689,0.1710112021428039,0.0343032782222717,0.5406445935540645,0.0015758982630851,26151,149,0.5406445935540645
expanded34,ln_disclosures,34,8,26,-0.1316858523211317,0.0951807951880085,0.4008296587966889,-0.0073202720234381,0.1243655802976936,0.3802661973380266,0.001535126899919,26679,149,0.4753327466725332
strict29,ln_licenses,29,7,22,0.4987653009188464,0.1325683338589726,0.5166507499863238,0.2299150773359305,-0.2688502235829159,0.0260397396026039,0.0005036012107794,23079,149,0.1301986980130195
strict29,filing_margin,29,7,22,0.3609533175205108,0.1583874457058221,0.676114653552617,0.1405438519988978,-0.220409465521613,0.1192488075119248,0.0010248291523181,23186,149,0.29812201877981204
strict29,ln_new_patent_apps,29,7,22,0.1674145982430818,0.1766418513262905,0.8578332523235538,0.1075856866597702,-0.0598289115833115,0.3969060309396906,0.0015471562295094,23186,149,0.49613253867461327
strict29,ln_patents_issued,29,7,22,0.1220333100585859,0.2026289063222452,0.3467634076477657,0.1537908133161153,0.0317575032575294,0.6059039409605904,0.0015452571548753,22691,149,0.6059039409605904
strict29,ln_disclosures,29,7,22,-0.1935387192774286,0.0984444941385349,0.4910809532177727,-0.0329581653391272,0.1605805539383013,0.2024179758202418,0.0012706034961853,23186,149,0.3373632930337363
